-- phpMyAdmin SQL Dump
-- version 5.1.3
-- https://www.phpmyadmin.net/
--
-- Hôte : 127.0.0.1
-- Généré le : mar. 12 avr. 2022 à 14:47
-- Version du serveur : 10.4.24-MariaDB
-- Version de PHP : 8.0.17

SET SQL_MODE = "NO_AUTO_VALUE_ON_ZERO";
START TRANSACTION;
SET time_zone = "+00:00";

--
-- Base de données : `whatsinmyfridgesoutenance`
--

--
-- Déchargement des données de la table `recette`
--

INSERT INTO `recette` (`id`, `user_id`, `category_id`, `level`, `title`, `prepare`, `photo`, `slug`, `time_prepare`, `cook_time`) VALUES
(18, 2, 2, 'facile', 'Pain de viande rapide', 'ÉTAPE 1 Mettre dans le robot le persil et l\'oignon. ÉTAPE 2 quelque secondes, puis ajouter le pain coupé en petits dés, mixer quelque secondes. ÉTAPE 3 Ajouter la viande, le sel, le poivre, le ketchup, l\'oeuf et la muscade. ÉTAPE 4 Mixer 5 secondes ÉTAPE 5 Mettre le hachis dans un plat en lui donnant la forme d\'une boule de pain. ÉTAPE 6 Cuire 45 min à 175°C, thermostat 5-6.', 'pain_de_viande.jpg', 'pain_de_viande', 10, 45),
(19, 2, 2, 'facile', 'Tartiflette irlandaise', 'Mettre dans un plat une couche de pomme de terre (moitié de la quantité - coupées en rondelles)puis une couche d\'oignons (moitié de la quantité - coupés en rondelle) puis de saumon (coupé en lanières). Renouveller l\'opération 1 fois. Finir par le comté et arroser des 2 briques de crème fraîche + poivre + sel (pas trop, car le saumon fumé est déjà salé).Mettre au four thermostat 6 (180°C) pendant 1h30.', 'tartiflette_irlandaise.jpg', 'tartiflette-irlandaise', 20, 60),
(21, 2, 2, 'facile', 'Brocoli rôti', 'Graisser les empreintes des moules à muffin. Placer des tranches de poitrine dans chaque moule à muffin pour recouvrir le fond et les côtés. Préchauffer le four à 180°C (thermostat 6). Enfourner 5 minutes pour assécher la poitrine. Parsemer de morceaux d\'oignon vert. Casser un oeuf dans chaque empreinte, poivrer. Enfourner 15 minutes. Déguster bien chaud.', 'brocoli_roti.jpg', 'brocoli-roti', 25, 30),
(22, 2, 2, 'facile', 'Filet mignon en croûte rapide', 'Dérouler votre pâte à tarte. Y mettre votre filet mignon. L\'enduire de moutarde, saler un peu, poivrer. L\'envelopper de la pâte. Battre l\'oeuf et en appliquer sur le dessus. Cuire au four préchauffé à 180°C (thermostat 6) pendant 30 min.', 'filet_mignon_en_croute_rapide.jpg', 'filet-mignon-en-croute-rapide', 10, 30),
(23, 2, 2, 'facile', 'Riz cantonais rapide et facile', 'Cuire le riz comme indiqué sur le paquet. Mettre à chauffer 1 cuillère d\'huile dans une poêle et y faire revenir les oignons finement émincés, les petits pois et les lardons pendant environ 4 minutes. Il est possible à ce moment-là de rajouter un peu de jus contenu dans la boîte de petits pois pour parfumer. Réserver. Battre les oeufs après les avoir salés et poivrés. Faire ensuite une omelette dans la même poêle et la couper en lamelles. Réserver. Mettre à nouveau une cuillère d\'huile à chauffer et faire revenir le tout (riz, oignons, petits pois, lardons, lamelles d\'omelette), sans cesser de remuer pendant environ 3 minutes. Saler et poivrer. Voilà, le plat est bien chaud, prêt à être dégusté... alors bon appétit !', 'riz_cantonais.jpg', 'riz-cantonais-rapide-et-facile', 10, 20),
(24, 2, 2, 'facile', 'Penne aux courgettes', 'Mettez à cuire les pâtes. Lavez et coupez la courgette en dés. Faire suer la courgette dans l\'huile un instant, puis ajoutez 1 pincée d\'origan, de thym et la feuille de laurier. Versez les tomates coupées en dés. Laissez cuire jusqu\'à ce que les courgettes soient cuites. Assaisonner un peu selon votre goût. Egouttez les pâtes et disposez les dans une jolie assiette. Versez les courgettes dessus. Saupoudrez de parmesan.', 'penne_courgettes.jpg', 'penne-aux-courgettes', 10, 10),
(34, 2, 3, 'Facile', 'Roulé à la fraise', '1. Pour la génoise, battre 4 jaunes d\'oeuf et 120 g de sucre jusqu\'à ce que le mélange blanchisse. Battre 4 blancs en neige. Mélanger 120 g de farine et une pincée de sel avec le mélange aux oeufs. Ajouter délicatement les blancs en neige. Préchauffer votre four à 180°c, thermostat 6. Sur la plaque du four, étaler une feuille de papier sulfurisé beurrée. Étaler la génoise sur la plaque. Faire cuire 12 minutes. Faire refroidir sur un torchon humide (avec le papier sulfurisé). Étaler une couche de confiture à la fraise. \r\n2. Rouler le gâteau délicatement. Envelopper dans du papier d\'aluminium et laisser refroidir au réfrigérateur. Couper les extrémités. Décorer avec de la confiture et des vermicelles au chocolat blanc.', 'roule_a_la_fraise.jpg', 'roule-a-la-fraise', 10, 22),
(35, 2, 3, 'Facile', 'Fondant au chocolat', 'PRÉPARATION 1. Commencez par sortir le beurre du réfrigérateur afin qu\'il ramollisse. Si vous avez oublié, il suffit de le passer au micro-ondes pendant une dizaine de secondes, il vous sera plus facile de le travailler par la suite.\r\n2. Dans une casserole, cassez le chocolat en morceaux auxquels vous ajoutez 3 cuillères à soupe d\'eau et mettez le tout à fondre à feu moyen au bain-marie (dans une casserole plus grande remplie d\'eau). \r\n3. Pendant ce temps, dans un saladier, vous travaillez, à l\'aide d\'une cuillère en bois, le beurre mou en pommade, auquel vous ajoutez le sucre en poudre. Continuez de remuer jusqu\'à ce que le mélange devienne léger et onctueux. Vous pouvez aussi vous aider d\'un batteur électrique, plus efficace pour obtenir la consistance désirée. \r\n4. Ajoutez les œufs un à un en alternant avec la farine. \r\nConseil : il faut remuer et bien travailler la pâte entre chaque œuf et chaque apport de farine, jusqu\'à incorporation complète de ces éléments dans la pâte. Pour rendre la pâte plus homogène, vous pouvez également donner un petit coup de batteur électrique. 5. Ensuite, incorporez à ce mélange le chocolat fondu en remuant bien avec une cuillère. Beurrez votre moule, versez-y la pâte et faites cuire au four, préchauffé à 150°c, pendant 25 à 30 minutes. Pour finir placez le sucre glace sur le dessus du gâteau une fois que celui-ci a totalement refroidi. À servir froid.', 'fondant_au_chocolat.jpg', 'fondant-au-chocolat', 15, 40),
(36, 2, 3, 'Facile', 'Gâteau au yaourt', 'Allumer le four thermostat 5-6 (180°C).\r\n1. Beurrer un moule rond. \r\n2. Verser le yaourt dans un saladier et ajouter dans l\'ordre en mélangeant bien avec une cuillère en bois : les sucres, les œufs un à un, la farine, la levure, le sel, l\'huile. Pour finir mettre la préparation dans le moule beurré et faire cuire 35 minutes. Laisser refroidir et démouler.', 'gateau_au_yaourt.jpg', 'gateau-au-yaourt', 10, 45),
(37, 2, 1, 'Facile', 'Oeufs Mimosas', 'Faire cuire les oeufs 10 mn dans l\'eau bouillante, puis les mettre dans l\'eau froide pour arrêter la cuisson. Monter une mayonnaise avec 1 jaune d\'oeuf, 1 cuillère à café de moutarde, 1/4 l d\'huile ou utiliser une mayonnaise prête vendue dans le commerce. Ecaler les oeufs, les couper dans le sens de la longueur, puis séparer les blancs des jaunes. Dans une assiette creuse, émietter les jaunes à la fourchette, mélanger la moitié de ces jaunes émiettés avec la mayonnaise et réserver le reste. Remplir les demi-blancs de cette préparation, puis saupoudrer chaque demi-oeuf du reste de jaunes émiettés (ce qui fait le mimosa !!). Disposer les oeufs sur des feuilles de laitue, mettre sur chaque oeuf un peu de persil. Servir frais.', 'oeufs_mimosa.jpg', 'oeufs-mimosa', 25, 10),
(38, 2, 1, 'Facile', 'Samoussa au boeuf', 'Dans une poêle à feu vif, faire revenir l\'oignon, l\'ail et la carotte hachés dans de l\'huile d\'olive. Ajouter la viande de bœuf et laisser dorer un peu. Assaisonner avec le curry puis ajouter la sauce soja. Bien mélanger et laisser cuire à feu doux 2 à 3 min. Répartir la farce dans les feuilles de brick (2 samoussas par feuille) et procéder au pliage (souvent expliqué sur les paquets de feuilles de brick). Coller le dernier revers avec un jaune d\'œuf. Faire cuire dans un fond d\'huile de friture, 2 min de chaque côté. En fin de cuisson, déposer les samoussas sur une assiette avec du papier absorbant afin de retirer l\'excès d\'huile de cuisson. Bon appétit !', 'samousa_boeuf.jpg', 'samousa-boeuf', 15, 15),
(39, 2, 1, 'Facile', 'Soupe à l\'oignon', 'Pelez et émincez les oignons. Faites-les revenir dans le mélange beurre et huile jusqu\'à ce qu\'ils soient tendres et légèrement dorés. Saupoudrez le mélange de farine, mouillez d\'eau chaude et de vin blanc et assaisonnez. Couvrez et laissez bouillonner doucement pendant 20 minutes. Faites grillez le pain. Déposez-le sur les oignons et laissez cuire pendant 10 minutes. Ajoutez le comté et le sel. Mélangez bien et laissez cuire pendant encore 10 minutes. Servir avec du fromage râpé.', 'soupe_oignon.jpg', 'soupe-oignon', 25, 20),
(40, 2, 1, 'Facile', 'Soufflé au fromage', 'Préchauffer le four à 180°C (thermostat 6). Beurrer le moule. Chauffer le beurre dans une casserole, ajouter la farine et remuer rapidement pendant 1 min. Ajouter le lait tiédi, remuer au fouet pendant quelques minutes à feu doux. Retirer la casserole du feu. Dans la casserole refroidie, ajouter les jaunes d\'oeufs un à un, puis le fromage râpé. Mettre une pincée de muscade, poivrer. Saler peu car le fromage contient déjà du sel. Incorporer les blancs d\'oeufs battus en mélangeant délicatement. Verser dans le moule, au maximum jusqu\'à 4 cm du bord. Enfourner pendant 35 minutes en position chaleur tournante.', 'souffle_fromage.jpg', 'souffle-fromage', 15, 35),
(41, 2, 1, 'Facile', 'Rouleau de printemps', 'Faire cuire le riz dans une casserole à feu moyen. Ajouter le vermicelle de riz, le blanc poulet, la sauce soja, le germe de soja, la salade, les feuilles de menthe et la crevette. Mélanger et laisser cuire pendant 10 minutes. Servir avec une sauce pour nems.', 'rouleau_printemps.jpg', 'rouleau-printemps', 20, 5),
(42, 2, 1, 'Facile', 'Flan de courgettes', 'Couper les courgettes en très fines rondelles. Les faire revenir dans de l\'huile d\'olive. Saler, poivrer, cuire environ 10 mm à petit feu. Battre les oeufs et ajouter le fromage + sel + poivre + basilic + lait. Jeter la préparation sur les courgettes. Remuer. NE PAS FAIRE PRENDRE ~L\'OMELETTE~. Mettre au four 180°C pendant 35 mn. SERVIR FROID OU CHAUD avec une sauce mayonnaise + ketchup hot.', 'flan_courgettes.jpg', 'flan-courgettes', 15, 35),
(43, 2, 1, 'Facile', 'Pâté en croute', 'Faire la pâte : mettre farine et beurre en morceaux dans un saladier, sabler. Ajouter une pincée de sel, l\'eau pour obtenir une boule de pâte, à laisser reposer une demi-heure. Préchauffer le four à 240°C. Pendant ce temps, préparer la farce : hacher les viandes, les mélanger à la chair à saucisse. Ajouter l\'oeuf, l\'armagnac, la muscade, le sel et le poivre. Bien mélanger. Etaler la pâte sur un papier sulfurisé en lui donnant une forme ovale. Déposer la farce sur une moitié dans la longueur. Replier la pâte pour former un chausson. Bien souder les bords en les humidifiant. Faire un petit trou sur le dessus et y glisser une petite cheminée faite en papier d\'alu. Glisser le pâté avec le papier sulfurisé sur une plaque du four. Faire cuire 45 min à 240°C puis 45 min à 220°C. Préparer la gelée selon les indications du paquet et une fois froide, la verser par le trou de la cheminée. A laisser au réfrigérateur une nuit.', 'pate_croute.jpg', 'pate-croute.jpg', 45, 90),
(44, 2, 1, 'Facile', 'Le Gravlax de Dumè', 'Faire lever les filets par votre poissonnier, en conservant naturellement la peau de chaque filet. Imprégner généreusement les deux filets de la mixture, rajouter l\'aneth, les poser l\'un sur l\'autre. Je le fais dans une boîte plastique, tout simplement, en veillant toutefois à le retourner toutes les 12 h, et en l\'arrosant de l\'espèce de jus qui exsude. Après 48 h, ou une matinée de plus, selon la taille de la bête, je le retire de sa marinade, je le rince rapidement, je l\'essuie, je l\'épile (eh oui, eh oui !). Il est prêt à être tranché, technique la plus délicate, en fait il faut le couper perpendiculairement au filet, en glissant sur la peau à la fin de la coupe (d\'ou l\'intérêt de la conserver). Pour un brunch, je l\'accompagne : d\'œufs brouillés, de pommes de terre vapeur chaudes avec sauce crème fraîche/aneth, d\'épinards frais en salade croquante, ou de sauce scandinave.', 'gravlax_saumon.jpg', 'gravlax-saumon', 20, 0),
(45, 2, 1, 'Facile', 'Paté de campagne de mémé', 'Hâcher les viandes, hâcher les échalotes, mélanger le tout. Ajouter les autres ingrédients. Bien mélanger. Mettre en terrine, cuire au bain-marie à 150°C pendant 3h.', 'pate_campagne.jpg', 'pate-campagne', 30, 180),
(46, 2, 1, 'Facile', 'Verrine de saumon', 'Posez vos tranches de saumons à plat sur une assiette et aspergez-les de citron, laissez reposer 2 minutes, cela va changer la texture du saumon en le faisant cuire. Pendant ce temps coupez vos 2 tomates en tous petits dés, mettez de côté. Enlevez la peau de l\'avocat, récupérez la chair et écrasez le avec une fourchette pour en faire une purée, salez (d\'autres épices peuvent être apportées selon les goût : paprika, piment; ou encore des oignons coupés très fins, des petits morceaux de noix). Coupez le saumon également en tous petits morceaux, il ne vous restera plus qu\'à le mélanger à la crème fraiche épaisse, environs 5 belles cuillères (cela dépend de la taille de vos tranches de saumon). Votre crème au morceau de saumon prête, il ne reste plus qu\'à ajouter du jus de citron , il faut alors goûter pour arriver au mélange parfait, sans oublier d\'ajouter du sel et poivre. Tapissez le fond de vos verrines de la crème au saumon, puis une couche de purée d\'avocat, puis quelques dés de tomates et enfin quelques pistaches pilées.', 'verrine_saumon.jpg', 'verrine-saumon', 15, 0),
(47, 2, 1, 'Facile', 'Paté de Paques', 'Faire cuire les oeufs pour qu\'ils soient durs. Etaler la pâte feuilletée. Mélanger la viande, le persil et les épices. Faire un boudin de viande au milieu de la pâte. Une fois que les oeufs sont froids, les couper en deux et les disposer sur la viande. Refermer la pâte feuilletée sur le côté, pour que ce soit bien hermétique. Vous pouvez badigeonner le pâté avec du jaune d\'oeuf. Percer quelques trous sur le dessus et faire cuire 30 minutes à 200°C (thermostat 6-7).', 'pate_paques.jpg', 'pate-paques.jpg', 15, 30),
(48, 2, 1, 'Facile', 'Tartare de saumon', 'Enlever la peau du filet de saumon, et le passer sous l\'eau pour enlever d\'éventuelles écailles. Peler un oignon et le hacher finement au mixer. Couper le filet en six morceaux et les passer au mixer avec les oignons, 2 cuillères à soupe d\'huile d\'olive, deux pincée de sel, un tour du moulin à poivre, et deux cuillères à café de jus de citron. Ne pas trop mouliner le saumon afin d\'obtenir une structure pas trop fine. Placer la préparation dans un saladier, couvrir et mettre au frigo pendant 2 heures. Servir frais avec du beurre et des toasts.', 'tartare_saumon.jpg', 'tartare-saumon', 10, 0),
(49, 2, 1, 'Facile', 'Soupe de vermicelles', 'Emincez l\'oignon et faites dorer dans une petite casserole avec le beurre. Ajoutez 1 litre d\'eau dans la casserole puis le cube de bouillon. Une fois que l\'eau bout, laissez cuire encore 10 bonne min. Mixez le tout. Réchauffez la soupe sur le feu et ajoutez les vermicelles. Quelques minutes à attendre et c\'est prêt !', 'soupe_vermicelle.jpg', 'soupe-vermicelle', 2, 30),
(50, 2, 1, 'Facile', 'Bouillon de légumes', 'Laver les légumes, et les couper grossièrement (sans les éplucher!). Tout porter à ébullition dans les 3 litres d\'eau (sans trop saler en début de cuisson), pendant 1 h à couvert, ou plus pour un bouillon plus concentré. Rectifier l\'assaisonnement, puis filtrer sans trop presser les légumes, pour conserver un bouillon clair.', 'bouillon_legumes.jpg', 'bouillon-legumes', 15, 60),
(51, 2, 1, 'Facile', 'Soupe de betterave', 'Éplucher, couper les pommes de terre et les betteraves. Les faire cuire dans le bouillon de volaille. Saler poivrer. Une fois le tout cuit, mixer et rajouter le fromage fondu et c\'est prêt!', 'soupe_betterave.jpg', 'soupe-betterave', 10, 35);

--
-- Déchargement des données de la table `ingredient`
--

INSERT INTO `ingredient` (`id`, `name`, `photo`, `saison`) VALUES
(171, 'Carotte', 'carotte.jpg', 'toute_l\'annee'),
(172, 'Épinard', 'epinard.jpg', 'toute_l\'annee'),
(173, 'Lentilles', 'lentilles.jpg', 'toute_l\'annee'),
(174, 'Artichaut', 'artichaut.jpg', 'printemps/ete'),
(175, 'Avocat', 'avocat.jpg', 'automne/hiver'),
(176, 'Betterave', 'betterave.jpg', 'automne/hiver'),
(177, 'Radis', 'radis.jpg', 'printemps'),
(178, 'Chou rouge', 'chou_rouge.jpg', 'automne/hiver'),
(179, 'Choux de Bruxelles', 'chou_de_bruxelles.jpg', 'automne/hiver'),
(180, 'Chou-fleur', 'chou_fleur.jpg', 'automne/hiver'),
(181, 'Brocoli', 'Brocoli.jpg', 'ete/automne'),
(182, 'Champignon de paris', 'champignons_de_paris.jpg', 'automne/hiver'),
(183, 'Cèpe', 'cepes.jpg', 'ete/automne'),
(184, 'Morille', 'morilles.jpg', 'printemps'),
(185, 'Truffe', 'truffe.jpg', 'automne/hiver'),
(186, 'Laitue', 'salade_laitue.jpg', 'printemps/ete'),
(187, 'Blette', 'Blettes.jpg', 'ete/automne'),
(188, 'Céleri-branche', 'celeri_branche.jpg', 'toute_l\'annee'),
(189, 'Fenouil', 'fenouil.jpg', 'ete/automne'),
(190, 'Fève', 'feves.jpg', 'printemps'),
(191, 'Oignon', 'oignon.jpg', 'automne/hiver'),
(192, 'Rutabaga', 'rutabaga.jpg', 'automne/hiver'),
(193, 'Panais', 'panais.jpg', 'automne/hiver'),
(194, 'Pomme de terre', 'pomme_de_terre.jpg', 'automne/hiver'),
(195, 'Asperge', 'asperge.jpg', 'printemps'),
(196, 'Navet', 'navet.jpg', 'toute_l\'annee'),
(197, 'Poireau', 'poireaux.jpg', 'automne/hiver'),
(198, 'Ail', 'ail.jpg', 'ete/automne'),
(199, 'Échalote', 'echalote.jpg', 'hiver'),
(200, 'Herbes aromatiques fraîches', 'herbes_aromatiques.jpg', 'printemps/ete'),
(201, 'Oseille', 'oseille.jpg', 'printemps/ete'),
(202, 'Persil', 'persil.jpg', 'toute_l\'annee'),
(203, 'Courges et potimarrons', 'courge_et_potimarron.jpg', 'automne/hiver'),
(204, 'Courgette', 'courgette.jpg', 'printemps/ete'),
(205, 'Potiron', 'potiron.jpg', 'automne/hiver'),
(206, 'Aubergine', 'aubergine.jpg', 'ete/automne'),
(207, 'Concombre', 'concombre.jpg', 'printemps/ete'),
(208, 'Poivron', 'poivron.jpg', 'ete'),
(209, 'Tomate', 'tomate.jpg', 'printemps/ete'),
(210, 'Melon', 'melon.jpg', 'ete'),
(211, 'Mâche', 'mache.jpg', 'automne/hiver'),
(212, 'Cresson', 'cresson.jpg', 'toute_l\'annee'),
(213, 'Endive', 'endives.jpg', 'automne/hiver'),
(214, 'Patate douce', 'Patate_douce.jpg', 'toute_l\'annee'),
(215, 'Haricot vert', 'haricots_verts.jpg', 'ete'),
(216, 'Petit pois', 'petits_pois.jpg', 'printemps'),
(217, 'Pois gourmand', 'pois_gourmand.jpg', 'toute_l\'annee'),
(218, 'Moutarde', 'moutarde.jpg', 'toute_l\'annee'),
(219, 'Mayonnaise', 'mayonnaise.jpg', 'toute_l\'annee'),
(220, 'Curry', 'curry.jpg', 'toute_l\'annee'),
(221, 'Huile de friture', 'huile_de_friture.jpg', 'toute_l\'annee'),
(222, 'Feuille de brick', 'feuille_de_brick.jpg', 'toute_l\'annee'),
(223, 'Sauce soja', 'sauce_soja.jpg', 'toute_l\'annee'),
(224, 'Vin blanc', 'vin_blanc.jpg', 'toute_l\'annee'),
(225, 'Pain', 'pain.jpg', 'toute_l\'annee'),
(226, 'Comté', 'comte.jpg', 'toute_l\'annee'),
(227, 'Galette de riz', 'galette_de_riz.jpg', 'toute_l\'annee'),
(228, 'Vermicelle', 'vermicelle.jpg', 'toute_l\'annee'),
(229, 'Poulet', 'poulet.jpg', 'toute_l\'annee'),
(230, 'Germe de soja', 'germe_de_soja.jpg', 'toute_l\'annee'),
(231, 'Menthe', 'menthe.jpg', 'toute_l\'annee'),
(232, 'Crevette', 'crevette.jpg', 'toute_l\'annee'),
(233, 'Sauce nem', 'sauce_nem.jpg', 'toute_l\'annee'),
(234, 'Fromage', 'fromage.jpg', 'toute_l\'annee'),
(235, 'Lait', 'lait.jpg', 'toute_l\'annee'),
(236, 'Basilic', 'basilic.jpg', 'toute_l\'annee'),
(237, 'Armagnac', 'armagnac.jpg', 'toute_l\'annee'),
(238, 'Veau', 'veau.jpg', 'toute_l\'annee'),
(239, 'Saucisse', 'saucisse.jpg', 'toute_l\'annee'),
(240, 'Gélatine', 'gelatine.jpg', 'toute_l\'annee'),
(241, 'Sucre', 'sucre.jpg', 'toute_l\'annee'),
(242, 'Aneth', 'aneth.jpg', 'toute_l\'annee'),
(243, 'Saumon Fumé', 'saumon_fume.jpg', 'toute_l\'annee'),
(244, 'Farine', 'farine.jpg', 'toute_l\'annee'),
(245, 'Porc', 'porc.jpg', 'toute_l\'annee'),
(246, 'Foie de veau', 'foie_de_veau.jpg', 'toute_l\'annee'),
(247, 'Épices', 'epices.jpg', 'toute_l\'annee'),
(248, 'Crème fraiche', 'creme_fraiche.jpg', 'toute_l\'annee'),
(249, 'Muscade', 'muscade.jpg', 'toute_l\'annee'),
(250, 'Pate feuilletée', 'pate_feuilletee.jpg', 'toute_l\'annee'),
(251, 'Boeuf haché', 'boeuf_hache.jpg', 'toute_l\'annee'),
(252, 'Oeuf', 'oeuf.jpg', 'toute_l\'annee'),
(253, 'Huile d\'olive', 'huile_d_olive.jpg', 'toute_l\'annee'),
(254, 'Saumon', 'saumon.jpg', 'toute_l\'annee'),
(255, 'Beurre', 'beurre.jpg', 'toute_l\'annee'),
(256, 'Céleri rave', 'celeri_rave.jpg', 'toute_l\'annee'),
(257, 'Clou de girofle', 'clou_de_girofle.jpg', 'toute_l\'annee'),
(258, 'Bouquet garni', 'bouquet_garni.jpg', 'toute_l\'annee'),
(259, 'Cube bouillon', 'cube_bouillon.jpg', 'toute_l\'annee'),
(260, 'Sel', 'sel.jpg', 'toute_l\'annee'),
(261, 'Poivre', 'poivre.jpg', 'toute_l\'annee'),
(262, 'Kiri', 'kiri.jpg', 'toute_l\'annee'),
(263, 'Côte d\'agneau', 'cote_d_agneau.jpg', 'toute_l\'annee'),
(264, 'Agneau', 'agneau.jpg', 'toute_l\'annee'),
(265, 'Biche', 'biche.jpg', 'toute_l\'annee'),
(266, 'Boeuf', 'boeuf.jpg', 'toute_l\'annee'),
(267, 'Caille', 'caille.jpg', 'toute_l\'annee'),
(268, 'Canard', 'canard.jpg', 'toute_l\'annee'),
(269, 'Cheval', 'cheval.jpg', 'toute_l\'annee'),
(270, 'Chevreuil', 'chevreuil.jpg', 'toute_l\'annee'),
(271, 'Dinde', 'dinde.jpg', 'toute_l\'annee'),
(272, 'Lapin', 'lapin.jpg', 'toute_l\'annee'),
(273, 'Mouton', 'mouton.jpg', 'toute_l\'annee'),
(274, 'Pintade', 'pintade.jpg', 'toute_l\'annee'),
(275, 'Sanglier', 'sanglier.jpg', 'toute_l\'annee'),
(276, 'Côte de porc', 'cote_de_porc.jpg', 'toute_l\'annee'),
(277, 'Poitrine de porc', 'poitrine_de_porc.jpg', 'toute_l\'annee'),
(278, 'Filet mignon', 'filet_mignon.jpg', 'toute_l\'annee'),
(279, 'Lardons', 'lardons.jpg', 'toute_l\'annee'),
(280, 'Carré d\'agneau', 'carre_d\'agneau.jpg', 'toute_l\'annee'),
(281, 'Cabillaud', 'cabillaud.jpg', 'toute_l\'annee'),
(282, 'Merlu', 'merlu.jpg', 'toute_l\'annee'),
(283, 'Merlan', 'merlan.jpg', 'toute_l\'annee'),
(284, 'Sole', 'sole.jpg', 'toute_l\'annee'),
(285, 'Lieu noir', 'lieu_noir.jpg', 'toute_l\'annee'),
(286, 'Lieu jaune', 'lieu_jaune.jpg', 'toute_l\'annee'),
(287, 'Truite', 'truite.jpg', 'toute_l\'annee'),
(288, 'Ketchup', 'ketchup.jpg', 'toute_l\'annee'),
(289, 'Pâte brisée', 'pate_brisee.jpg', 'toute_l\'annee'),
(290, 'Pâte sablée', 'pate_sablee.jpg', 'toute_l\'annee'),
(291, 'Riz', 'riz.jpg', 'toute_l\'annee'),
(292, 'Origan', 'origan.jpg', 'toute_l\'annee'),
(293, 'Thym', 'thym.jpg', 'toute_l\'annee'),
(294, 'Laurier', 'laurier.jpg', 'toute_l\'annee'),
(295, 'Pâte', 'pate.jpg', 'toute_l\'annee'),
(296, 'Parmesan', 'parmesan.jpg', 'toute_l\'annee'),
(297, 'Pastèque', 'pasteque.jpg', 'ete'),
(298, 'Mangue', 'mangue.jpg', 'printemps/ete'),
(299, 'Goyave', 'goyave.jpg', 'automne'),
(300, 'Grenade', 'grenade.jpg', 'automne/hiver'),
(301, 'Ananas', 'ananas.jpg', 'automne/hiver'),
(302, 'Figue', 'figue.jpg', 'ete'),
(303, 'Fruit de la passion', 'fruit_de_la_passion.jpg', 'toute_l\'annee'),
(304, 'Groseille', 'groseille.jpg', 'ete'),
(305, 'Mûre', 'mure.jpg', 'ete/automne'),
(306, 'Myrtille', 'myrtille.jpg', 'ete'),
(307, 'Cassis', 'cassis.jpg', 'ete'),
(308, 'Fraise', 'fraise.jpg', 'printemps'),
(309, 'Framboise', 'framboise.jpg', 'printemps/ete'),
(310, 'Noisette', 'noisette.jpg', 'automne'),
(311, 'Kiwi', 'kiwi.jpg', 'hiver/printemps'),
(312, 'Raisin', 'raisin.jpg', 'ete/automne'),
(313, 'Pomme', 'pomme.jpg', 'toute_l\'annee'),
(314, 'Poire', 'poire.jpg', 'toute_l\'annee'),
(315, 'Coing', 'coing.jpg', 'automne'),
(316, 'Prune', 'prune.jpg', 'ete'),
(317, 'Pêche', 'peche.jpg', 'ete'),
(318, 'Abricot', 'abricot.jpg', 'ete'),
(319, 'Cerise', 'cerise.jpg', 'printemps/ete'),
(320, 'Mirabelle', 'mirabelle.jpg', 'ete'),
(321, 'Nectarine', 'nectarine.jpg', 'ete'),
(322, 'Noix de coco', 'noix_de_coco.jpg', 'automne/hiver'),
(323, 'Noix', 'noix.jpg', 'automne'),
(324, 'Amande', 'amande.jpg', 'ete/automne'),
(325, 'Châtaigne', 'chataigne.jpg', 'automne'),
(326, 'Rhubarbe', 'rhubarbe.jpg', 'printemps/ete'),
(327, 'Citron jaune', 'citron_jaune.jpg', 'toute_l\'annee'),
(328, 'Citron vert', 'citron_vert.jpg', 'toute_l\'annee'),
(329, 'Pomelos', 'pomelos.jpg', 'hiver/printemps'),
(330, 'Orange', 'orange.jpg', 'hiver/printemps'),
(331, 'Clémentine', 'clementine.jpg', 'automne/hiver'),
(332, 'Chocolat noir', 'chocolat_noir.jpg', 'toute_l\'annee'),
(333, 'Chocolat au lait', 'chocolat_au_lait.jpg', 'toute_l\'annee'),
(334, 'Chocolat blanc', 'chocolat_blanc.jpg', 'toute_l\'annee'),
(335, 'Sucre glace', 'sucre_glace.jpg', 'toute_l\'annee'),
(336, 'Yaourt nature', 'yaourt_nature.jpg', 'toute_l\'annee'),
(337, 'Sucre vanillé', 'sucre_vanille.jpg', 'toute_l\'annee'),
(338, 'Levure chimique', 'levure_chimique.jpg', 'toute_l\'annee'),
(339, 'Confiture à la fraise', 'confiture_a_la_fraise.jpg', 'toute_l\'annee'),
(340, 'Vermicelles au chocolat blanc', 'vermicelle_au_chocolat_blanc.jpg', 'toute_l\'annee'),
(342, 'Paprika', 'paprika.jpg', 'toute_l\'annee'),
(343, 'Pistache', 'pistache.jpg', 'automne');

--
-- Déchargement des données de la table `composition`
--

INSERT INTO `composition` (`id`, `ingredient_id`, `recette_id`, `price`, `poids`, `quantite`) VALUES
(10, 202, 18, '0.60', 20, 0),
(11, 191, 18, '0.70', 250, 0),
(12, 225, 18, '0.50', 200, 0),
(13, 266, 18, '3.50', 250, 0),
(14, 260, 18, '0.20', 20, NULL),
(15, 261, 18, '0.20', 20, NULL),
(16, 288, 18, '0.30', 50, NULL),
(18, 252, 18, '0.90', 200, NULL),
(19, 249, 18, '0.10', 10, NULL),
(20, 194, 19, '0.50', 500, NULL),
(21, 191, 19, '0.30', 200, NULL),
(22, 226, 19, '3.00', 200, NULL),
(23, 248, 19, '0.80', 150, NULL),
(24, 261, 19, '0.20', 20, NULL),
(25, 260, 19, '0.20', 20, NULL),
(26, 243, 19, '6.25', 250, NULL),
(27, 253, 21, '0.10', 10, NULL),
(28, 277, 21, '2.60', 150, NULL),
(29, 276, 21, '3.10', 100, NULL),
(30, 191, 21, '0.40', 50, NULL),
(31, 261, 21, '0.20', 20, NULL),
(32, 250, 22, '1.00', 150, NULL),
(33, 278, 22, '4.30', 200, NULL),
(34, 218, 22, '0.20', 50, NULL),
(35, 260, 22, '0.20', 20, NULL),
(36, 261, 22, '0.20', 20, NULL),
(37, 252, 22, '0.80', 200, NULL),
(38, 252, 23, '0.80', 200, NULL),
(39, 253, 23, '0.10', 50, NULL),
(40, 291, 23, '0.10', 100, NULL),
(41, 191, 23, '0.40', 150, NULL),
(42, 216, 23, '0.30', 50, NULL),
(43, 279, 23, '0.70', 30, NULL),
(45, 260, 23, '0.20', 20, NULL),
(46, 261, 23, '0.20', 20, NULL),
(47, 253, 24, '0.10', 10, NULL),
(48, 292, 24, '0.20', 5, NULL),
(49, 293, 24, '0.10', 5, NULL),
(50, 294, 24, '0.20', 5, NULL),
(51, 209, 24, '2.80', 100, NULL),
(52, 295, 24, '0.50', 40, NULL),
(53, 204, 24, '0.80', 120, NULL),
(55, 241, 34, '0.20', 50, NULL),
(56, 244, 34, '0.10', 40, NULL),
(57, 260, 34, '0.20', 20, NULL),
(58, 252, 34, '1.00', 200, NULL),
(59, 255, 34, '0.30', 150, NULL),
(60, 339, 34, '1.90', 150, NULL),
(61, 340, 34, '0.30', 5, NULL),
(62, 332, 35, '3.20', 200, NULL),
(63, 255, 35, '0.40', 100, NULL),
(64, 241, 35, '0.40', 180, NULL),
(65, 335, 35, '0.30', 45, NULL),
(66, 252, 35, '1.00', 200, NULL),
(67, 336, 36, '0.50', 100, NULL),
(68, 241, 36, '0.10', 130, NULL),
(69, 252, 36, '0.30', 80, NULL),
(70, 244, 36, '0.20', 150, NULL),
(71, 338, 36, '0.40', 5, NULL),
(72, 260, 36, '0.10', 10, NULL),
(73, 253, 36, '4.00', 8, NULL),
(74, 255, 36, '0.10', 50, NULL),
(75, 218, 37, '0.25', 25, NULL),
(76, 253, 37, '0.15', 20, NULL),
(77, 219, 37, '0.50', 40, NULL),
(78, 252, 37, '0.60', 150, NULL),
(79, 186, 37, '0.20', 350, NULL),
(80, 202, 37, '0.30', 50, NULL),
(81, 191, 38, '0.30', 100, NULL),
(82, 198, 38, '0.20', 15, NULL),
(83, 171, 38, '0.60', 150, NULL),
(84, 253, 38, '0.30', 35, NULL),
(85, 251, 38, '2.60', 100, NULL),
(86, 220, 38, '0.10', 5, NULL),
(87, 223, 38, '0.30', 15, NULL),
(88, 222, 38, '0.20', 30, NULL),
(89, 252, 38, '0.30', 100, NULL),
(90, 221, 38, '0.20', 20, NULL),
(91, 191, 39, '1.10', 300, NULL),
(92, 255, 39, '0.40', 150, NULL),
(93, 253, 39, '0.30', 50, NULL),
(94, 244, 39, '0.10', 40, NULL),
(95, 224, 39, '1.80', 20, NULL),
(96, 225, 39, '0.60', 200, NULL),
(97, 226, 39, '1.40', 75, NULL),
(98, 260, 39, '0.20', 20, NULL),
(99, 234, 39, '0.30', 50, NULL),
(100, 255, 40, '0.40', 150, NULL),
(101, 244, 40, '0.20', 100, NULL),
(102, 235, 40, '0.90', 200, NULL),
(103, 252, 40, '3.80', 500, NULL),
(104, 234, 40, '1.40', 325, NULL),
(105, 249, 40, '0.10', 10, NULL),
(106, 261, 40, '0.20', 20, NULL),
(107, 260, 40, '0.20', 20, NULL),
(108, 291, 41, '0.10', 35, NULL),
(109, 228, 41, '1.20', 250, NULL),
(110, 229, 41, '2.00', 80, NULL),
(111, 223, 41, '0.40', 20, NULL),
(112, 230, 41, '0.30', 10, NULL),
(113, 186, 41, '0.10', 50, NULL),
(114, 231, 41, '0.20', 10, NULL),
(115, 232, 41, '1.80', 45, NULL),
(116, 233, 41, '0.30', 15, NULL),
(117, 253, 42, '0.20', 20, NULL),
(118, 252, 42, '2.30', 250, NULL),
(119, 234, 42, '1.00', 75, NULL),
(120, 260, 42, '0.20', 20, NULL),
(121, 261, 42, '0.20', 20, NULL),
(122, 236, 42, '0.50', 20, NULL),
(123, 235, 42, '1.40', 150, NULL),
(124, 204, 42, '0.60', 100, NULL),
(125, 219, 42, '0.50', 30, NULL),
(126, 288, 42, '0.30', 25, NULL),
(127, 244, 43, '0.20', 100, NULL),
(128, 255, 43, '0.50', 120, NULL),
(129, 260, 43, '0.20', 20, NULL),
(130, 245, 43, '0.70', 150, NULL),
(131, 239, 43, '1.50', 80, NULL),
(132, 252, 43, '0.30', 100, NULL),
(133, 237, 43, '1.40', 10, NULL),
(134, 249, 43, '0.10', 10, NULL),
(136, 261, 43, '0.10', 10, NULL),
(137, 240, 43, '0.50', 50, NULL),
(138, 254, 44, '2.50', 75, NULL),
(139, 252, 44, '0.30', 100, NULL),
(140, 194, 44, '0.90', 150, NULL),
(141, 248, 44, '0.40', 50, NULL),
(142, 242, 44, '0.20', 20, NULL),
(143, 172, 44, '1.30', 100, NULL),
(144, 186, 44, '0.20', 80, NULL),
(145, 245, 45, '2.50', 200, NULL),
(146, 199, 45, '0.20', 40, NULL),
(147, 260, 45, '0.20', 20, NULL),
(148, 261, 45, '0.20', 20, NULL),
(149, 243, 46, '1.40', 120, NULL),
(150, 327, 46, '0.80', 100, NULL),
(151, 209, 46, '0.50', 40, NULL),
(152, 175, 46, '1.20', 100, NULL),
(153, 260, 46, '0.20', 20, NULL),
(154, 261, 46, '0.20', 20, NULL),
(155, 342, 46, '0.10', 10, NULL),
(156, 247, 46, '0.10', 5, NULL),
(157, 191, 46, '0.10', 50, NULL),
(158, 323, 46, '0.30', 70, NULL),
(159, 248, 46, '0.30', 40, NULL),
(160, 343, 46, '0.50', 45, NULL),
(161, 202, 47, '0.20', 20, NULL),
(162, 247, 47, '0.10', 20, NULL),
(163, 245, 47, '0.60', 200, NULL),
(164, 252, 47, '0.90', 130, NULL),
(165, 250, 47, '1.10', 150, NULL),
(166, 243, 48, '3.90', 200, NULL),
(167, 191, 48, '0.10', 50, NULL),
(168, 253, 48, '0.30', 50, NULL),
(169, 260, 48, '0.20', 20, NULL),
(170, 261, 48, '0.20', 20, NULL),
(171, 327, 48, '0.70', 120, NULL),
(172, 255, 48, '0.20', 50, NULL),
(173, 225, 48, '0.40', 550, NULL),
(174, 191, 49, '1.00', 200, NULL),
(175, 255, 49, '0.40', 100, NULL),
(176, 259, 49, '0.50', 20, NULL),
(177, 228, 49, '1.40', 250, NULL),
(178, 171, 50, '0.20', 100, NULL),
(179, 182, 50, '0.20', 50, NULL),
(180, 196, 50, '0.10', 20, NULL),
(181, 197, 50, '0.10', 30, NULL),
(182, 193, 50, '0.10', 60, NULL),
(183, 260, 50, '0.20', 20, NULL),
(184, 261, 50, '0.20', 20, NULL),
(185, 189, 50, '0.10', 25, NULL),
(186, 194, 51, '0.60', 250, NULL),
(187, 176, 51, '1.30', 160, NULL),
(188, 259, 51, '0.20', 10, NULL),
(189, 260, 51, '0.20', 20, NULL),
(190, 261, 51, '0.20', 20, NULL),
(191, 234, 51, '0.20', 40, NULL),
(192, 296, 24, '0.30', 50, NULL);
